Id,State,Year,Ev dem,Ev gop,Dem votes,Gop votes,Third votes,Other votes,Margin votes,Dem pct,Gop pct,Third pct,Other pct,Margin pct,Winner
563,AK,2016,0,3,116454,163387,18725,20042,46933,0.37,0.51,0.06,0.06,14.73,REP
562,AL,2016,0,9,729547,1318255,44467,31103,588708,0.34,0.62,0.02,0.01,27.73,REP
565,AR,2016,0,6,380494,684872,29829,35440,304378,0.34,0.61,0.03,0.03,26.92,REP
564,AZ,2016,0,11,1161167,1252401,106327,84762,91234,0.45,0.48,0.04,0.03,3.5,REP
566,CA,2016,55,0,8753792,4483814,478500,521787,4269978,0.61,0.31,0.03,0.04,29.99,DEM
567,CO,2016,9,0,1338870,1202484,144121,94772,136386,0.48,0.43,0.05,0.03,4.91,DEM
568,CT,2016,7,0,897572,673215,48676,25457,224357,0.55,0.41,0.03,0.02,13.64,DEM
612,DC,2016,3,0,282830,12723,4906,10809,270107,0.91,0.04,0.02,0.03,86.78,DEM
569,DE,2016,3,0,235603,185127,14757,8327,50476,0.53,0.42,0.03,0.02,11.37,DEM
570,FL,2016,0,29,4504975,4617886,207043,172843,112911,0.47,0.49,0.02,0.02,1.19,REP
571,GA,2016,0,16,1877963,2089104,125306,49074,211141,0.45,0.5,0.03,0.01,5.1,REP
572,HI,2016,3,0,266891,128847,15954,17245,138044,0.62,0.3,0.04,0.04,32.18,DEM
576,IA,2016,0,6,653669,800983,59186,52193,147314,0.42,0.51,0.04,0.03,9.41,REP
573,ID,2016,0,4,189765,409055,28331,63282,219290,0.27,0.59,0.04,0.09,31.76,REP
574,IL,2016,20,0,3090729,2146015,209596,148485,944714,0.55,0.38,0.04,0.03,16.89,DEM
575,IN,2016,0,11,1033126,1557286,133993,33560,524160,0.37,0.56,0.05,0.01,19.01,REP
577,KS,2016,0,6,427005,671018,55406,41326,244013,0.36,0.56,0.05,0.03,20.42,REP
578,KY,2016,0,8,628854,1202971,53752,38573,574117,0.33,0.63,0.03,0.02,29.84,REP
579,LA,2016,0,8,780154,1178638,37978,32262,398484,0.38,0.58,0.02,0.02,19.64,REP
582,MA,2016,11,0,1995196,1090893,138018,100939,904303,0.6,0.33,0.04,0.03,27.2,DEM
581,MD,2016,10,0,1677928,943169,79605,80744,734759,0.6,0.34,0.03,0.03,26.42,DEM
580,ME,2016,3,1,357735,335593,38105,16494,22142,0.48,0.45,0.05,0.02,2.96,DEM
583,MI,2016,0,16,2268839,2279543,172136,104024,10704,0.47,0.47,0.04,0.02,0.22,REP
584,MN,2016,10,0,1367825,1323232,112984,141192,44593,0.46,0.45,0.04,0.05,1.51,DEM
586,MO,2016,0,10,1071068,1594511,97359,65328,523443,0.38,0.56,0.03,0.02,18.51,REP
585,MS,2016,0,6,485131,700714,14435,10808,215583,0.4,0.58,0.01,0.01,17.8,REP
587,MT,2016,0,3,177709,279240,28037,16836,101531,0.35,0.56,0.06,0.03,20.23,REP
594,NC,2016,0,15,2189316,2362631,130126,59491,173315,0.46,0.5,0.03,0.01,3.66,REP
595,ND,2016,0,3,93758,216794,21434,12374,123036,0.27,0.63,0.06,0.04,35.73,REP
588,NE,2016,0,5,284494,495961,38946,24826,211467,0.34,0.59,0.05,0.03,25.05,REP
590,NH,2016,4,0,348526,345790,30777,19203,2736,0.47,0.46,0.04,0.03,0.37,DEM
591,NJ,2016,14,0,2148278,1601933,72477,84035,546345,0.55,0.41,0.02,0.02,13.98,DEM
592,NM,2016,5,0,385234,319667,74541,18877,65567,0.48,0.4,0.09,0.02,8.21,DEM
589,NV,2016,6,0,539260,512058,37384,36683,27202,0.48,0.46,0.03,0.03,2.42,DEM
593,NY,2016,29,0,4556142,2819557,176600,169496,1736585,0.59,0.37,0.02,0.02,22.49,DEM
596,OH,2016,0,18,2394169,2841006,174498,126874,446837,0.43,0.51,0.03,0.02,8.07,REP
597,OK,2016,0,7,420375,949136,83481,0,528761,0.29,0.65,0.06,0,36.39,REP
598,OR,2016,7,0,1002106,782403,94231,122596,219703,0.5,0.39,0.05,0.06,10.98,DEM
599,PA,2016,0,20,2926441,2970733,146715,122840,44292,0.47,0.48,0.02,0.02,0.72,REP
600,RI,2016,4,0,252525,180543,14746,16330,71982,0.54,0.39,0.03,0.04,15.51,DEM
601,SC,2016,0,9,855373,1155389,49204,43061,300016,0.41,0.55,0.02,0.02,14.27,REP
602,SD,2016,0,3,117458,227721,20850,4064,110263,0.32,0.62,0.06,0.01,29.79,REP
603,TN,2016,0,11,870695,1522925,70397,44010,652230,0.35,0.61,0.03,0.02,26.01,REP
604,TX,2016,0,36,3877868,4685047,283492,146759,807179,0.43,0.52,0.03,0.02,8.98,REP
605,UT,2016,0,6,310676,515231,39608,278086,204555,0.27,0.45,0.03,0.24,17.89,REP
607,VA,2016,13,0,1981473,1769443,118274,113562,212030,0.5,0.44,0.03,0.03,5.32,DEM
606,VT,2016,3,0,178573,95369,10078,31047,83204,0.57,0.3,0.03,0.1,26.41,DEM
608,WA,2016,8,0,1742718,1221747,160879,191652,520971,0.53,0.37,0.05,0.06,15.71,DEM
610,WI,2016,0,10,1382536,1405284,106674,81656,22748,0.46,0.47,0.04,0.03,0.76,REP
609,WV,2016,0,5,188794,489371,23004,20064,300577,0.26,0.68,0.03,0.03,41.68,REP
611,WY,2016,0,3,55973,174419,13287,12170,118446,0.22,0.68,0.05,0.05,46.3,REP
2,AK,2012,0,3,122640,164676,,13179,42036,0.81,0.8,,4.39,0.99,REP
1,AL,2012,0,9,795696,1255925,,22717,460229,0.36,0.55,,1.1,0.19,REP
4,AR,2012,0,6,394409,647744,,27315,253335,0.88,0.57,,2.55,0.69,REP
3,AZ,2012,0,11,1025232,1233654,,47673,208422,0.45,0.48,,2.07,9.04,REP
5,CA,2012,55,0,7854285,4839958,,361572,3014327,0.16,0.07,,2.77,0.09,DEM
6,CO,2012,9,0,1323102,1185243,,63501,137859,0.45,0.09,,2.47,5.36,DEM
7,CT,2012,7,0,905109,634899,,18985,270210,0.06,0.72,,1.22,0.33,DEM
510,DC,2012,3,0,267070,21381,0,5313,245689,0.91,0.07,0,0.02,0.84,DEM
8,DE,2012,3,0,242584,165484,,5853,77100,0.61,0.98,,1.41,0.63,DEM
9,FL,2012,29,0,4237756,4163447,,90972,74309,0.9,0.03,,1.07,0.88,DEM
10,GA,2012,0,16,1773827,2078688,,55854,304861,0.39,0.19,,1.43,7.8,REP
11,HI,2012,4,0,306658,121015,,7024,185643,0.55,0.84,,1.62,0.71,DEM
15,IA,2012,6,0,822544,730617,,29019,91927,0.99,0.18,,1.83,5.81,DEM
12,ID,2012,0,4,212787,420911,,23044,208124,0.4,0.09,,3.51,0.69,REP
13,IL,2012,20,0,3019512,2135216,,96704,884296,0.5,0.66,,1.84,0.84,DEM
14,IN,2012,0,11,1154275,1422872,,55996,268597,0.84,0.04,,2.13,0.2,REP
16,KS,2012,0,6,439908,689809,,26537,249901,0.05,0.66,,2.3,0.61,REP
17,KY,2012,0,8,679370,1087190,,31488,407820,0.78,0.47,,1.75,0.68,REP
18,LA,2012,0,8,809141,1152262,,32662,343121,0.58,0.78,,1.64,0.21,REP
21,MA,2012,11,0,1921761,1188460,,57546,733301,0.67,0.52,,1.82,0.15,DEM
20,MD,2012,10,0,1677844,971869,,57614,705975,0.97,0.9,,2.13,0.08,DEM
19,ME,2012,4,0,401306,292276,,19598,109030,0.27,0.98,,2.75,0.29,DEM
22,MI,2012,16,0,2564569,2115256,,65491,449313,0.04,0.58,,1.38,9.47,DEM
23,MN,2012,10,0,1546167,1320225,,70169,225942,0.65,0.96,,2.39,7.69,DEM
25,MO,2012,0,10,1223796,1482440,,57453,258644,0.28,0.64,,2.08,9.36,REP
24,MS,2012,0,6,562949,710746,,11889,147797,0.79,0.29,,0.92,0.5,REP
26,MT,2012,0,3,201839,267928,,14717,66089,0.66,0.3,,3.04,0.64,REP
33,NC,2012,0,15,2178391,2270395,,56586,92004,0.35,0.39,,1.26,2.04,REP
34,ND,2012,0,3,124827,188163,,9637,63336,0.69,0.32,,2.99,0.63,REP
27,NE,2012,0,5,302081,475064,,17234,172983,0.03,0.8,,2.17,0.78,REP
29,NH,2012,4,0,369561,329918,,11493,39643,0.98,0.4,,1.62,5.58,DEM
30,NJ,2012,14,0,2126610,1478749,,45781,647861,0.25,0.5,,1.25,0.74,DEM
31,NM,2012,5,0,415335,335788,,32634,79547,0.99,0.84,,4.16,0.15,DEM
28,NV,2012,6,0,531373,463567,,19978,67806,0.36,0.68,,1.97,6.68,DEM
32,NY,2012,29,0,4485877,2490496,,105163,1995381,0.35,0.17,,1.49,0.18,DEM
35,OH,2012,18,0,2827709,2661437,,101788,166272,0.58,0.6,,1.82,2.97,DEM
36,OK,2012,0,7,443547,891325,,0,447778,0.23,0.77,,0,0.54,REP
37,OR,2012,7,0,970488,754175,,64607,216313,0.24,0.15,,3.61,0.09,DEM
38,PA,2012,20,0,2990274,2680434,,84231,309840,0.96,0.58,,1.46,5.38,DEM
39,RI,2012,4,0,279677,157204,,9168,122473,0.7,0.24,,2.06,0.46,DEM
40,SC,2012,0,9,865941,1071645,,26532,205704,0.09,0.56,,1.35,0.47,REP
41,SD,2012,0,3,145039,210610,,8166,65571,0.87,0.89,,2.24,0.02,REP
42,TN,2012,0,11,960709,1462330,,37865,501621,0.04,0.42,,1.54,0.38,REP
43,TX,2012,0,38,3308124,4569843,,121565,1261719,0.35,0.13,,1.52,0.77,REP
44,UT,2012,0,6,251813,740600,,28448,488787,0.67,0.55,,2.79,0.88,REP
46,VA,2012,13,0,1971820,1822522,,60147,149298,0.16,0.28,,1.56,3.87,DEM
45,VT,2012,3,0,199239,92698,,7353,106541,0.57,0.97,,2.46,0.6,DEM
47,WA,2012,12,0,1755396,1290670,,99892,464726,0.8,0.03,,3.18,0.77,DEM
49,WI,2012,10,0,1620985,1407966,,39483,213019,0.83,0.89,,1.29,6.94,DEM
48,WV,2012,0,5,238269,417655,,16195,179386,0.45,0.14,,2.41,0.69,REP
50,WY,2012,0,3,69286,170962,,8813,101676,0.82,0.64,,3.54,0.82,REP
52,AK,2008,0,3,123594,193841,,8762,70247,0.89,0.42,,2.69,0.54,REP
51,AL,2008,0,9,813479,1266546,,19794,453067,0.74,0.32,,0.94,0.58,REP
54,AR,2008,0,6,422310,638017,,26290,215707,0.86,0.72,,2.42,0.85,REP
53,AZ,2008,0,10,1034707,1230111,,39020,195404,0.91,0.39,,1.69,8.48,REP
55,CA,2008,55,0,8274473,5011781,,296829,3262692,0.92,0.9,,2.19,0.02,DEM
56,CO,2008,9,0,1288633,1073629,,39200,215004,0.66,0.71,,1.63,8.95,DEM
57,CT,2008,7,0,997773,629428,,19592,368345,0.59,0.22,,1.19,0.37,DEM
509,DC,2008,3,0,245800,17367,0,2686,228433,0.92,0.07,0,0.01,0.86,DEM
58,DE,2008,3,0,255459,152374,,4783,103085,0.91,0.93,,1.16,0.98,DEM
59,FL,2008,27,0,4282367,4046219,,83662,236148,0.91,0.1,,0.99,2.81,DEM
60,GA,2008,0,15,1844123,2048759,,39276,204636,0.9,0.1,,1,5.2,REP
61,HI,2008,4,0,325871,120566,,7131,205305,0.85,0.58,,1.57,0.26,DEM
65,IA,2008,7,0,828940,682379,,25804,146561,0.93,0.39,,1.68,9.53,DEM
62,ID,2008,0,4,236440,403012,,19002,166572,0.91,0.21,,2.89,0.3,REP
63,IL,2008,21,0,3419348,2031179,,79652,1388169,0.83,0.73,,1.44,0.1,DEM
64,IN,2008,11,0,1374039,1345648,,36971,28391,0.84,0.81,,1.34,1.03,DEM
66,KS,2008,0,6,514765,699655,,24453,184890,0.55,0.48,,1.97,0.92,REP
67,KY,2008,0,8,751985,1048462,,27140,296477,0.15,0.37,,1.49,0.22,REP
68,LA,2008,0,9,782989,1148275,,29497,365286,0.93,0.56,,1.5,0.63,REP
71,MA,2008,12,0,1904098,1108854,,68117,795244,0.8,0.99,,2.21,0.81,DEM
70,MD,2008,10,0,1629467,959862,,42267,669605,0.92,0.47,,1.61,0.44,DEM
69,ME,2008,4,0,421923,295273,,13967,126650,0.71,0.38,,1.91,0.32,DEM
72,MI,2008,17,0,2872579,2048639,,89388,823940,0.33,0.89,,1.78,0.44,DEM
73,MN,2008,10,0,1573354,1275409,,61606,297945,0.06,0.82,,2.12,0.24,DEM
75,MO,2008,0,11,1441911,1445814,,41386,3903,0.23,0.36,,1.41,0.13,REP
74,MS,2008,0,6,554662,724597,,10680,169935,0,0.17,,0.83,0.17,REP
76,MT,2008,0,3,232159,243882,,16709,11723,0.11,0.49,,3.39,2.38,REP
83,NC,2008,15,0,2142651,2128474,,39664,14177,0.7,0.38,,0.92,0.33,DEM
84,ND,2008,0,3,141403,168887,,7448,27484,0.5,0.15,,2.34,8.65,REP
77,NE,2008,1,4,333319,452979,,14983,119660,0.6,0.53,,1.87,0.93,REP
79,NH,2008,4,0,384826,316534,,9610,68292,0.13,0.52,,1.35,9.61,DEM
80,NJ,2008,15,0,2215422,1613207,,48778,602215,0.14,0.61,,1.26,0.53,DEM
81,NM,2008,5,0,472422,346832,,10904,125590,0.91,0.78,,1.31,0.13,DEM
78,NV,2008,5,0,533736,412827,,21285,120909,0.15,0.65,,2.2,0.49,DEM
82,NY,2008,31,0,4804945,2752771,,83232,2052174,0.88,0.03,,1.09,0.86,DEM
85,OH,2008,20,0,2940044,2677820,,103967,262224,0.38,0.8,,1.82,4.58,DEM
86,OK,2008,0,7,502496,960165,,0,457669,0.35,0.65,,0,0.29,REP
87,OR,2008,7,0,1037291,738475,,52098,298816,0.75,0.4,,2.85,0.35,DEM
88,PA,2008,21,0,3276363,2655885,,83228,620478,0.47,0.15,,1.38,0.31,DEM
89,RI,2008,4,0,296571,165391,,9804,131180,0.86,0.06,,2.08,0.81,DEM
90,SC,2008,0,8,862449,1034896,,23624,172447,0.9,0.87,,1.23,8.98,REP
91,SD,2008,0,3,170924,203054,,7997,32130,0.75,0.16,,2.09,8.41,REP
92,TN,2008,0,11,1087437,1479178,,35367,391741,0.79,0.85,,1.36,0.06,REP
93,TX,2008,0,34,3528633,4479328,,79830,950695,0.63,0.38,,0.99,0.75,REP
94,UT,2008,0,5,327670,596030,,35296,268360,0.17,0.15,,3.68,0.98,REP
96,VA,2008,13,0,1959532,1725005,,38723,234527,0.63,0.33,,1.04,6.3,DEM
95,VT,2008,3,0,219262,98974,,6810,120288,0.46,0.45,,2.1,0.01,DEM
97,WA,2008,11,0,1750848,1229216,,73197,521632,0.34,0.26,,2.4,0.08,DEM
99,WI,2008,10,0,1677211,1262393,,43813,414818,0.22,0.31,,1.47,0.9,DEM
98,WV,2008,0,5,303857,397466,,13800,93609,0.49,0.58,,1.93,0.09,REP
100,WY,2008,0,3,82868,164958,,6832,82090,0.54,0.78,,2.68,0.24,REP
102,AK,2004,0,3,111025,190889,,10684,79864,0.52,0.07,,3.42,0.55,REP
101,AL,2004,0,9,693933,1176394,,13122,482461,0.84,0.46,,0.7,0.62,REP
104,AR,2004,0,6,469953,572898,,12094,102945,0.55,0.31,,1.15,9.76,REP
103,AZ,2004,0,10,893524,1104294,,18284,210770,0.32,0.77,,0.91,0.45,REP
105,CA,2004,55,0,6745485,5509826,,166548,1235659,0.3,0.36,,1.34,9.95,DEM
106,CO,2004,0,9,1001725,1101256,,27344,99531,0.02,0.69,,1.28,4.67,REP
107,CT,2004,7,0,857488,693826,,27455,163662,0.31,0.95,,1.74,0.37,DEM
508,DC,2004,3,0,202970,21256,0,3360,181714,0.89,0.09,0,0.01,0.8,DEM
108,DE,2004,3,0,200152,171660,,3458,28492,0.34,0.74,,0.92,7.59,DEM
109,FL,2004,0,27,3583544,3964522,,61744,380978,0.09,0.1,,0.81,5.01,REP
110,GA,2004,0,15,1366149,1914254,,24078,548105,0.34,0.93,,0.73,0.59,REP
111,HI,2004,4,0,231708,194191,,3114,37517,0.01,0.26,,0.73,8.74,DEM
115,IA,2004,0,7,741898,751957,,13053,10059,0.23,0.9,,0.87,0.67,REP
112,ID,2004,0,4,181098,409235,,8114,228137,0.26,0.38,,1.36,0.12,REP
113,IL,2004,21,0,2891550,2345946,,36826,545604,0.82,0.48,,0.7,0.34,DEM
114,IN,2004,0,11,969011,1479438,,19553,510427,0.26,0.94,,0.79,0.68,REP
116,KS,2004,0,6,434993,736456,,16307,301463,0.62,0,,1.37,0.38,REP
117,KY,2004,0,8,712733,1069439,,13907,356706,0.68,0.54,,0.77,0.86,REP
118,LA,2004,0,9,820299,1102169,,20638,281870,0.22,0.72,,1.06,0.51,REP
121,MA,2004,12,0,1803800,1071109,,37479,732691,0.94,0.78,,1.29,0.16,DEM
120,MD,2004,10,0,1334493,1024703,,27482,309790,0.91,0.93,,1.15,0.98,DEM
119,ME,2004,4,0,396842,330201,,13709,66641,0.57,0.58,,1.85,9,DEM
122,MI,2004,17,0,2479183,2313746,,46323,165437,0.23,0.81,,0.96,3.42,DEM
123,MN,2004,9,0,1445014,1346695,,36678,98319,0.09,0.61,,1.3,3.48,DEM
125,MO,2004,0,11,1259171,1455713,,16480,196542,0.1,0.3,,0.6,7.2,REP
124,MS,2004,0,6,458094,684981,,9290,226887,0.75,0.44,,0.81,0.69,REP
126,MT,2004,0,3,173710,266063,,10672,92353,0.56,0.07,,2.37,0.5,REP
133,NC,2004,0,15,1525849,1961166,,13992,435317,0.58,0.02,,0.4,0.43,REP
134,ND,2004,0,3,111052,196651,,5130,85599,0.5,0.86,,1.64,0.36,REP
127,NE,2004,0,5,254328,512814,,11044,258486,0.68,0.9,,1.42,0.22,REP
129,NH,2004,4,0,340511,331237,,5990,9274,0.24,0.87,,0.88,1.37,DEM
130,NJ,2004,15,0,1911430,1670003,,30704,241427,0.92,0.23,,0.85,6.68,DEM
131,NM,2004,0,5,370942,376930,,8432,5988,0.05,0.84,,1.11,0.79,REP
128,NV,2004,0,5,397190,418690,,13707,21500,0.88,0.47,,1.65,2.59,REP
132,NY,2004,31,0,4314280,2962567,,115107,1351713,0.36,0.08,,1.56,0.29,DEM
135,OH,2004,0,20,2741167,2859768,,26973,118601,0.71,0.81,,0.48,2.11,REP
136,OK,2004,0,7,503966,959792,,0,455826,0.43,0.57,,0,0.14,REP
137,OR,2004,7,0,943163,866831,,26788,76332,0.35,0.19,,1.46,4.16,DEM
138,PA,2004,21,0,2938095,2793847,,37648,144248,0.92,0.42,,0.65,2.5,DEM
139,RI,2004,4,0,259760,169046,,8328,90714,0.42,0.67,,1.91,0.75,DEM
140,SC,2004,0,8,661699,937974,,18057,276275,0.9,0.98,,1.12,0.08,REP
141,SD,2004,0,3,149244,232584,,6387,83340,0.44,0.91,,1.65,0.47,REP
142,TN,2004,0,11,1035160,1383336,,16453,348176,0.51,0.81,,0.68,0.3,REP
143,TX,2004,0,34,2832704,4526917,,51144,1694213,0.22,0.09,,0.69,0.86,REP
144,UT,2004,0,5,241199,663742,,22903,422543,0,0.54,,2.47,0.54,REP
146,VA,2004,0,13,1454742,1716959,,26666,262217,0.48,0.68,,0.83,8.2,REP
145,VT,2004,3,0,184067,121180,,7062,62887,0.94,0.8,,2.26,0.14,DEM
147,WA,2004,11,0,1510201,1304894,,46618,205307,0.77,0.6,,1.63,7.17,DEM
149,WI,2004,10,0,1489504,1478120,,29383,11384,0.7,0.32,,0.98,0.38,DEM
148,WV,2004,0,5,326541,423778,,5568,97237,0.2,0.06,,0.74,0.86,REP
150,WY,2004,0,3,70776,167629,,5023,96853,0.07,0.86,,2.06,0.79,REP
152,AK,2000,0,3,79004,167398,28747,10411,88394,0.67,0.62,0.07,3.65,0.95,REP
151,AL,2000,0,9,695602,944409,18349,14191,248807,0.59,0.47,1.1,0.85,0.88,REP
154,AR,2000,0,6,422768,472940,13421,12652,50172,0.86,0.31,1.46,1.37,5.44,REP
153,AZ,2000,0,8,685341,781652,45645,21475,96311,0.67,0.95,2.98,1.4,6.28,REP
155,CA,2000,54,0,5861203,4567429,418707,118517,1293774,0.45,0.65,3.82,1.08,0.8,DEM
156,CO,2000,0,8,738227,883745,91434,27959,145518,0.39,0.75,5.25,1.61,8.36,REP
157,CT,2000,8,0,816015,561094,64452,17964,254921,0.91,0.44,4.42,1.23,0.47,DEM
507,DC,2000,2,0,171923,18073,10576,1322,153850,0.85,0.09,0.05,0.01,0.76,DEM
158,DE,2000,3,0,180068,137288,8307,1959,42780,0.96,0.9,2.54,0.6,0.06,DEM
159,FL,2000,0,25,2912253,2912790,97488,40579,537,0.84,0.85,1.63,0.68,0.01,REP
160,GA,2000,0,13,1116230,1419720,13432,47422,303490,0.98,0.67,0.52,1.83,0.69,REP
161,HI,2000,4,0,205286,137845,21623,3197,67441,0.79,0.46,5.88,0.87,0.33,DEM
165,IA,2000,7,0,638517,634373,29374,13299,4144,0.54,0.22,2.23,1.01,0.31,DEM
162,ID,2000,0,4,138637,336937,12292,13755,198300,0.64,0.17,2.45,2.74,0.53,REP
163,IL,2000,22,0,2589026,2019421,103759,29917,569605,0.6,0.58,2.19,0.63,0.01,DEM
164,IN,2000,0,12,901980,1245836,18531,32955,343856,0.01,0.65,0.84,1.5,0.63,REP
166,KS,2000,0,6,399276,622332,36086,14522,223056,0.24,0.04,3.37,1.35,0.8,REP
167,KY,2000,0,8,638898,872492,23192,9605,233594,0.37,0.5,1.5,0.62,0.13,REP
168,LA,2000,0,9,792344,927871,20473,24968,135527,0.88,0.55,1.16,1.41,7.68,REP
171,MA,2000,12,0,1616487,878502,173564,34431,737985,0.8,0.5,6.42,1.27,0.3,DEM
170,MD,2000,10,0,1145782,813797,53768,12133,331985,0.57,0.18,2.65,0.6,0.39,DEM
169,ME,2000,4,0,319951,286616,37127,8123,33335,0.09,0.97,5.7,1.25,5.11,DEM
172,MI,2000,18,0,2170418,1953139,84165,24989,217279,0.28,0.14,1.99,0.59,5.13,DEM
173,MN,2000,10,0,1168266,1109659,126696,34064,58607,0.91,0.5,5.2,1.4,2.4,DEM
175,MO,2000,0,11,1111138,1189924,38515,20315,78786,0.08,0.42,1.63,0.86,3.34,REP
174,MS,2000,0,7,404964,573230,8126,8606,168266,0.7,0.62,0.82,0.86,0.91,REP
176,MT,2000,0,3,137126,240178,24437,9256,103052,0.36,0.44,5.95,2.25,0.07,REP
183,NC,2000,0,14,1257692,1631163,0,22407,373471,0.2,0.03,0,0.77,0.83,REP
184,ND,2000,0,3,95284,174852,9497,8634,79568,0.05,0.66,3.29,3,0.6,REP
177,NE,2000,0,5,231780,433862,24540,6837,202082,0.25,0.25,3.52,0.98,0.99,REP
179,NH,2000,0,4,266348,273559,22198,6976,7211,0.8,0.07,3.9,1.23,1.27,REP
180,NJ,2000,15,0,1788850,1284173,94554,19649,504677,0.13,0.29,2.97,0.62,0.83,DEM
181,NM,2000,5,0,286783,286417,21251,4154,366,0.91,0.85,3.55,0.69,0.06,DEM
178,NV,2000,0,4,279978,301575,15008,12409,21597,0.98,0.52,2.46,2.04,3.55,REP
182,NY,2000,33,0,4113791,2405676,244398,67313,1708115,0.22,0.22,3.58,0.99,0,DEM
185,OH,2000,0,21,2186190,2351209,117857,50201,165019,0.46,0.97,2.5,1.07,3.51,REP
186,OK,2000,0,8,474276,744337,0,15616,270061,0.43,0.31,0,1.27,0.88,REP
187,OR,2000,7,0,720342,713577,77357,22692,6765,0.96,0.52,5.04,1.48,0.44,DEM
188,PA,2000,23,0,2485967,2281127,103392,42633,204840,0.6,0.43,2.1,0.87,4.17,DEM
189,RI,2000,4,0,249508,130555,25052,3997,118953,0.99,0.91,6.12,0.98,0.08,DEM
190,SC,2000,0,8,566039,786426,20279,11033,220387,0.91,0.83,1.47,0.8,0.93,REP
191,SD,2000,0,3,118804,190700,0,6765,71896,0.56,0.3,0,2.14,0.73,REP
192,TN,2000,0,11,981720,1061949,19781,12731,80229,0.28,0.15,0.95,0.61,3.86,REP
193,TX,2000,0,32,2433746,3799639,137994,36258,1365893,0.98,0.3,2.15,0.57,0.32,REP
194,UT,2000,0,5,203053,515096,35850,16755,312043,0.34,0.83,4.65,2.17,0.49,REP
196,VA,2000,0,13,1217290,1437490,59398,25269,220200,0.44,0.47,2.17,0.92,8.04,REP
195,VT,2000,3,0,149022,119775,20374,5137,29247,0.63,0.7,6.92,1.75,9.94,DEM
197,WA,2000,11,0,1247652,1108864,103002,29227,138788,0.13,0.56,4.14,1.17,5.58,DEM
199,WI,2000,11,0,1242987,1237279,94070,24271,5708,0.83,0.61,3.62,0.93,0.22,DEM
198,WV,2000,0,5,295497,336475,10680,5472,40978,0.59,0.92,1.65,0.84,6.32,REP
200,WY,2000,0,3,60481,147947,4625,5298,87466,0.7,0.76,2.12,2.43,0.06,REP
202,AK,1996,0,3,80380,122746,26333,12161,42366,0.27,0.8,0.9,5.03,0.53,REP
201,AL,1996,0,9,662165,769044,92149,10991,106879,0.16,0.12,6.01,0.72,6.97,REP
204,AR,1996,6,0,475171,325416,69884,13791,149755,0.74,0.8,7.9,1.56,0.94,DEM
203,AZ,1996,8,0,653288,622073,112072,16972,31215,0.52,0.29,7.98,1.21,2.22,DEM
205,CA,1996,54,0,5119835,3828380,697847,373422,1291455,0.1,0.21,6.96,3.73,0.89,DEM
206,CO,1996,0,8,671152,691848,99629,48075,20696,0.43,0.8,6.59,3.18,1.37,REP
207,CT,1996,8,0,735740,483109,139523,34242,252631,0.83,0.69,0.02,2.46,0.14,DEM
506,DC,1996,3,0,158220,17339,3611,6556,140881,0.85,0.09,0.02,0.04,0.76,DEM
208,DE,1996,3,0,140355,99062,28719,2948,41293,0.78,0.54,0.59,1.09,0.23,DEM
209,FL,1996,25,0,2546870,2244536,483870,28518,302334,0.02,0.32,9.12,0.54,5.7,DEM
210,GA,1996,0,13,1053849,1080843,146337,18042,26994,0.84,0.01,6.37,0.78,1.17,REP
211,HI,1996,4,0,205012,113943,27358,13807,91069,0.93,0.64,7.6,3.83,0.29,DEM
215,IA,1996,7,0,620258,492644,105159,16014,127614,0.26,0.92,8.52,1.3,0.34,DEM
212,ID,1996,0,4,165443,256595,62518,7163,91152,0.65,0.18,0.71,1.46,0.54,REP
213,IL,1996,22,0,2341744,1587021,346408,36218,754723,0.32,0.81,8.03,0.84,0.51,DEM
214,IN,1996,0,12,887424,1006693,224299,17426,119269,0.55,0.13,0.5,0.82,5.58,REP
216,KS,1996,0,6,387659,583245,92639,10757,195586,0.08,0.29,8.62,1,0.21,REP
217,KY,1996,8,0,636614,623283,120396,8415,13331,0.84,0.88,8.67,0.61,0.96,DEM
218,LA,1996,9,0,927837,712586,123293,20243,215251,0.01,0.94,6.91,1.13,0.07,DEM
221,MA,1996,12,0,1571763,718107,227217,39698,853656,0.47,0.09,8.89,1.55,0.39,DEM
220,MD,1996,10,0,966207,681530,115812,17321,284677,0.25,0.27,6.5,0.97,0.99,DEM
219,ME,1996,4,0,312788,186378,85970,20761,126410,0.62,0.76,0.19,3.43,0.86,DEM
222,MI,1996,18,0,1989653,1481212,336670,41309,508441,0.69,0.48,8.75,1.07,0.21,DEM
223,MN,1996,10,0,1120438,766476,257704,48022,353962,0.1,0.96,0.75,2.19,0.14,DEM
225,MO,1996,11,0,1025935,890016,217188,24926,135919,0.54,0.24,0.06,1.16,6.3,DEM
224,MS,1996,0,7,394022,439838,52222,7775,45816,0.08,0.21,5.84,0.87,5.13,REP
226,MT,1996,0,3,167922,179652,55229,4458,11730,0.23,0.11,0.56,1.09,2.88,REP
233,NC,1996,0,14,1107849,1225938,168059,13961,118089,0.04,0.73,6.68,0.55,4.69,REP
234,ND,1996,0,3,106905,125050,32515,1941,18145,0.13,0.94,0.2,0.73,6.81,REP
227,NE,1996,0,5,236761,363467,71278,5909,126706,0.95,0.65,0.52,0.87,0.7,REP
229,NH,1996,4,0,246214,196532,48390,8039,49682,0.32,0.37,9.69,1.61,9.95,DEM
230,NJ,1996,15,0,1652329,1103078,262134,58266,549251,0.72,0.86,8.52,1.89,0.86,DEM
231,NM,1996,5,0,273495,232751,32257,17571,40744,0.18,0.86,5.8,3.16,7.33,DEM
228,NV,1996,4,0,203974,199244,43986,17075,4730,0.93,0.91,9.47,3.68,1.02,DEM
232,NY,1996,33,0,3756177,1933492,503458,123002,1822685,0.47,0.61,7.97,1.95,0.86,DEM
235,OH,1996,21,0,2148222,1859883,483207,43122,288339,0.38,0.02,0.66,0.95,6.36,DEM
236,OK,1996,0,8,488105,582315,130788,5505,94210,0.45,0.26,0.84,0.46,7.81,REP
237,OR,1996,7,0,649641,538152,121221,68746,111489,0.15,0.06,8.8,4.99,8.09,DEM
238,PA,1996,23,0,2215819,1801169,430984,58146,414650,0.17,0.97,9.56,1.29,9.2,DEM
239,RI,1996,4,0,233050,104683,43723,8828,128367,0.71,0.82,0.2,2.26,0.89,DEM
240,SC,1996,0,8,504051,573458,64386,7562,69407,0.85,0.89,5.6,0.66,6.04,REP
241,SD,1996,0,3,139333,150543,31250,2700,11210,0.03,0.49,9.65,0.83,3.46,REP
242,TN,1996,11,0,909146,863530,105918,15511,45616,0,0.59,5.59,0.82,2.41,DEM
243,TX,1996,0,32,2459683,2736167,378537,37257,276484,0.83,0.76,6.75,0.66,4.93,REP
244,UT,1996,0,5,221633,361911,66461,15624,140278,0.3,0.37,9.98,2.35,0.07,REP
246,VA,1996,0,13,1091060,1138350,159861,27371,47290,0.15,0.1,6.62,1.13,1.96,REP
245,VT,1996,3,0,137894,80352,31024,9179,57542,0.35,0.09,0,3.55,0.26,DEM
247,WA,1996,11,0,1123323,840712,201003,88799,282611,0.84,0.3,8.92,3.94,0.54,DEM
249,WI,1996,11,0,1071971,845029,227339,51830,226942,0.81,0.48,0.35,2.36,0.33,DEM
248,WV,1996,5,0,327812,233946,71639,3062,93866,0.51,0.76,0.26,0.48,0.75,DEM
250,WY,1996,0,3,77934,105388,25928,2321,27454,0.84,0.81,0.25,1.1,0.98,REP
252,AK,1992,0,3,78294,102000,73481,4731,23706,0.29,0.46,0.43,1.83,9.17,REP
251,AL,1992,0,9,690080,804283,183109,10588,114203,0.88,0.65,0.85,0.63,6.77,REP
254,AR,1992,6,0,505823,337324,99132,8374,168499,0.21,0.48,0.43,0.88,0.72,DEM
253,AZ,1992,0,8,543050,572086,353741,18129,29036,0.52,0.47,0.79,1.22,1.95,REP
255,CA,1992,54,0,5121325,3630574,2296006,83816,1490751,0.01,0.61,0.63,0.75,0.39,DEM
256,CO,1992,8,0,629681,562850,366010,10639,66831,0.13,0.87,0.32,0.68,4.26,DEM
257,CT,1992,8,0,682318,578313,348771,6930,104005,0.21,0.78,0.58,0.43,6.43,DEM
505,DC,1992,3,0,192619,20698,9681,4574,171921,0.85,0.09,0.04,0.02,0.76,DEM
258,DE,1992,3,0,126054,102313,59213,2155,23741,0.51,0.31,0.44,0.74,8.19,DEM
259,FL,1992,0,25,2072698,2173310,1053067,15317,100612,0,0.89,0.82,0.29,1.89,REP
260,GA,1992,13,0,1008966,995252,309657,7258,13714,0.47,0.88,0.34,0.31,0.59,DEM
261,HI,1992,4,0,179310,136822,53003,3707,42488,0.09,0.7,0.22,0.99,0.4,DEM
265,IA,1992,7,0,586353,504891,253468,9895,81462,0.29,0.27,0.71,0.73,6.01,DEM
262,ID,1992,0,4,137013,202645,130395,12089,65632,0.42,0.03,0.04,2.51,0.61,REP
263,IL,1992,22,0,2453350,1734096,840515,22196,719254,0.58,0.34,0.64,0.44,0.24,DEM
264,IN,1992,0,12,848420,989375,455934,12142,140955,0.79,0.91,0.77,0.53,6.11,REP
266,KS,1992,0,6,390434,449951,312358,4493,59517,0.74,0.88,0.99,0.39,5.14,REP
267,KY,1992,8,0,665104,617178,203944,6674,47926,0.55,0.34,0.66,0.45,3.21,DEM
268,LA,1992,9,0,815971,733386,211478,29182,82585,0.58,0.97,0.81,1.63,4.61,DEM
271,MA,1992,12,0,1318662,805049,632312,17551,513613,0.54,0.03,0.8,0.63,0.52,DEM
270,MD,1992,10,0,988571,707094,281414,7967,281477,0.8,0.62,0.18,0.4,0.18,DEM
269,ME,1992,4,0,263420,206504,206820,2755,56600,0.77,0.39,0.44,0.41,8.33,DEM
272,MI,1992,18,0,1871182,1554940,824813,23738,316242,0.77,0.38,0.3,0.56,7.4,DEM
273,MN,1992,10,0,1020997,747841,562506,16604,273156,0.48,0.85,0.96,0.71,0.63,DEM
275,MO,1992,11,0,1053873,811159,518741,7792,242714,0.07,0.92,0.69,0.33,0.15,DEM
274,MS,1992,0,7,400258,487793,85626,8116,87535,0.77,0.68,8.72,0.83,8.92,REP
276,MT,1992,3,0,154507,144207,107225,4672,10300,0.63,0.12,0.11,1.14,2.51,DEM
283,NC,1992,0,14,1114042,1134661,357864,5283,20619,0.65,0.44,0.7,0.2,0.79,REP
284,ND,1992,0,3,99168,136244,71084,1637,37076,0.18,0.22,0.07,0.53,0.03,REP
277,NE,1992,0,5,217344,344346,174687,2906,127002,0.4,0.58,0.63,0.39,0.18,REP
279,NH,1992,4,0,209040,202484,121337,5084,6556,0.86,0.64,0.56,0.95,1.22,DEM
280,NJ,1992,15,0,1436206,1356865,521829,28694,79341,0.95,0.58,0.61,0.86,2.37,DEM
281,NM,1992,5,0,261617,212824,91895,3650,48793,0.9,0.34,0.12,0.64,8.56,DEM
278,NV,1992,4,0,189148,175828,132580,8762,13320,0.36,0.73,0.19,1.73,2.63,DEM
282,NY,1992,33,0,3444450,2346649,1090721,45105,1097801,0.73,0.88,0.75,0.65,0.85,DEM
285,OH,1992,21,0,1984942,1894310,1036426,24286,90632,0.18,0.35,0.98,0.49,1.83,DEM
286,OK,1992,0,8,473066,592929,319878,4486,119863,0.02,0.65,0.01,0.32,8.62,REP
287,OR,1992,7,0,621314,475757,354091,11481,145557,0.48,0.53,0.21,0.78,9.95,DEM
288,PA,1992,23,0,2239164,1791841,902667,26138,447323,0.15,0.13,0.2,0.53,9.02,DEM
289,RI,1992,4,0,213299,131601,105045,3533,81698,0.04,0.02,0.16,0.78,0.02,DEM
290,SC,1992,0,8,479514,577507,138872,6634,97993,0.88,0.02,0.55,0.55,8.15,REP
291,SD,1992,0,3,124888,136718,73295,1353,11830,0.14,0.66,0.8,0.4,3.52,REP
292,TN,1992,11,0,933521,841300,199968,7849,92221,0.08,0.43,0.09,0.4,4.65,DEM
293,TX,1992,0,32,2281815,2496071,1354781,21351,214256,0.08,0.56,0.01,0.35,3.48,REP
294,UT,1992,0,5,183429,322632,203400,34608,119232,0.65,0.36,0.34,4.65,0.02,REP
296,VA,1992,0,13,1038650,1150517,348639,20859,111867,0.59,0.97,0.63,0.82,4.37,REP
295,VT,1992,3,0,133592,88122,65991,1996,45470,0.11,0.42,0.78,0.69,0.7,DEM
297,WA,1992,11,0,993037,731234,541780,22179,261803,0.4,0.96,0.68,0.97,0.44,DEM
299,WI,1992,11,0,1041066,930855,544479,14714,110211,0.13,0.78,0.51,0.58,4.35,DEM
298,WV,1992,5,0,331001,241974,108829,1907,89027,0.41,0.39,0.92,0.28,0.02,DEM
300,WY,1992,0,3,68160,79347,51263,1855,11187,0.97,0.55,0.55,0.92,5.58,REP
302,AK,1988,0,3,72584,119251,,8281,46667,0.27,0.59,,4.14,0.32,REP
301,AL,1988,0,9,549506,815576,,13394,266070,0.86,0.17,,0.97,0.3,REP
304,AR,1988,0,6,349237,466578,,11923,117341,0.19,0.37,,1.44,0.18,REP
303,AZ,1988,0,7,454029,702541,,15303,248512,0.74,0.95,,1.31,0.21,REP
305,CA,1988,0,47,4702233,5054917,,129914,352684,0.56,0.13,,1.31,3.57,REP
306,CO,1988,0,8,621453,728177,,22764,106724,0.28,0.06,,1.66,7.78,REP
307,CT,1988,0,8,676584,750241,,16569,73657,0.87,0.98,,1.15,5.1,REP
504,DC,1988,3,0,159407,27590,0,5880,131817,0.83,0.14,0,0.03,0.68,DEM
308,DE,1988,0,3,108647,139639,,1605,30992,0.48,0.88,,0.64,0.4,REP
309,FL,1988,0,21,1656701,2618885,,26727,962184,0.51,0.87,,0.62,0.36,REP
310,GA,1988,0,12,714792,1081331,,13549,366539,0.5,0.75,,0.75,0.25,REP
311,HI,1988,4,0,192364,158625,,3472,33739,0.27,0.75,,0.98,9.52,DEM
315,IA,1988,8,0,670557,545355,,9702,125202,0.71,0.5,,0.79,0.22,DEM
312,ID,1988,0,4,147272,253881,,7815,106609,0.01,0.08,,1.91,0.07,REP
313,IL,1988,0,24,2215940,2310939,,32241,94999,0.6,0.69,,0.71,2.08,REP
314,IN,1988,0,12,860643,1297763,,10215,437120,0.69,0.84,,0.47,0.16,REP
316,KS,1988,0,7,422636,554049,,16359,131413,0.56,0.79,,1.65,0.23,REP
317,KY,1988,0,9,580368,734281,,7868,153913,0.88,0.52,,0.59,0.64,REP
318,LA,1988,0,10,717460,883702,,27040,166242,0.06,0.27,,1.66,0.21,REP
321,MA,1988,13,0,1401406,1194644,,36755,206762,0.23,0.38,,1.4,7.85,DEM
320,MD,1988,0,10,826304,876167,,11887,49863,0.2,0.11,,0.69,2.91,REP
319,ME,1988,0,4,243569,307131,,4335,63562,0.88,0.34,,0.78,0.45,REP
322,MI,1988,0,20,1675783,1965486,,27894,289703,0.67,0.57,,0.76,7.9,REP
323,MN,1988,10,0,1109471,962337,,24982,147134,0.91,0.9,,1.19,7.02,DEM
325,MO,1988,0,11,1001619,1084953,,6656,83334,0.85,0.83,,0.32,3.98,REP
324,MS,1988,0,7,363921,557890,,9716,193969,0.07,0.89,,1.04,0.82,REP
326,MT,1988,0,4,168936,190412,,6326,21476,0.2,0.07,,1.73,5.87,REP
333,NC,1988,0,13,890167,1237258,,6945,347091,0.71,0.97,,0.33,0.26,REP
334,ND,1988,0,3,127739,166559,,2963,38820,0.97,0.03,,1,0.06,REP
327,NE,1988,0,5,259646,398447,,4279,138801,0.2,0.15,,0.65,0.96,REP
329,NH,1988,0,4,163696,281537,,5292,117841,0.33,0.49,,1.17,0.16,REP
330,NJ,1988,0,16,1320352,1743192,,36009,422840,0.6,0.24,,1.16,0.64,REP
331,NM,1988,0,5,244497,270341,,6449,25844,0.9,0.86,,1.24,4.96,REP
328,NV,1988,0,4,132738,206040,,11289,73302,0.92,0.86,,3.22,0.94,REP
332,NY,1988,36,0,3347882,3081871,,55930,266011,0.62,0.52,,0.86,4.1,DEM
335,OH,1988,0,23,1939629,2416549,,37521,476920,0.15,0,,0.85,0.85,REP
336,OK,1988,0,8,483423,678367,,9246,194944,0.28,0.93,,0.79,0.65,REP
337,OR,1988,7,0,616206,560126,,25362,56080,0.28,0.61,,2.11,4.67,DEM
338,PA,1988,0,25,2194944,2300087,,41220,105143,0.39,0.7,,0.91,2.32,REP
339,RI,1988,4,0,225123,177761,,1736,47362,0.64,0.93,,0.43,0.71,DEM
340,SC,1988,0,8,370554,606443,,9012,235889,0.58,0.5,,0.91,0.92,REP
341,SD,1988,0,3,145560,165415,,2016,19855,0.51,0.85,,0.64,6.34,REP
342,TN,1988,0,11,679794,947233,,9223,267439,0.55,0.89,,0.56,0.34,REP
343,TX,1988,0,29,2352748,3036829,,37833,684081,0.35,0.95,,0.7,0.6,REP
344,UT,1988,0,5,207343,428442,,11223,221099,0.05,0.22,,1.73,0.17,REP
346,VA,1988,0,12,859799,1309162,,22648,449363,0.23,0.74,,1.03,0.5,REP
345,VT,1988,0,3,115775,124331,,3227,8556,0.58,0.1,,1.33,3.52,REP
347,WA,1988,10,0,933516,903835,,27902,29681,0.05,0.46,,1.5,1.59,DEM
349,WI,1988,11,0,1126794,1047499,,17315,79295,0.41,0.8,,0.79,3.62,DEM
348,WV,1988,5,0,341016,310065,,2230,30951,0.2,0.46,,0.34,4.74,DEM
350,WY,1988,0,3,67113,106867,,2571,39754,0.01,0.53,,1.46,0.52,REP
352,AK,1984,0,3,62007,138377,,7221,76370,0.87,0.65,,3.48,0.79,REP
351,AL,1984,0,9,551899,872849,,16965,320950,0.28,0.54,,1.18,0.26,REP
354,AR,1984,0,6,338646,534774,,10986,196128,0.29,0.47,,1.24,0.18,REP
353,AZ,1984,0,7,333854,681416,,10627,347562,0.54,0.42,,1.04,0.88,REP
355,CA,1984,0,47,3922519,5467009,,115895,1544490,0.27,0.51,,1.22,0.25,REP
356,CO,1984,0,8,454974,821818,,18589,366844,0.12,0.44,,1.44,0.32,REP
357,CT,1984,0,8,569597,890877,,6426,321280,0.83,0.73,,0.44,0.9,REP
503,DC,1984,3,0,180408,29009,0,1871,151399,0.85,0.14,0,0.01,0.72,DEM
358,DE,1984,0,3,101656,152190,,726,50534,0.93,0.78,,0.29,0.85,REP
359,FL,1984,0,21,1448816,2730350,,885,1281534,0.66,0.32,,0.02,0.66,REP
360,GA,1984,0,12,706628,1068722,,743,362094,0.79,0.17,,0.04,0.39,REP
361,HI,1984,0,4,147154,185050,,3642,37896,0.82,0.1,,1.08,0.28,REP
365,IA,1984,0,8,605620,703088,,11097,97468,0.89,0.27,,0.84,7.39,REP
362,ID,1984,0,4,108510,297523,,5111,189013,0.39,0.36,,1.24,0.97,REP
363,IL,1984,0,24,2086499,2707103,,25486,620604,0.3,0.17,,0.53,0.88,REP
364,IN,1984,0,12,841481,1377230,,14358,535749,0.68,0.67,,0.64,0.99,REP
366,KS,1984,0,7,333149,677296,,11546,344147,0.6,0.27,,1.13,0.67,REP
367,KY,1984,0,9,539589,822782,,8090,283193,0.37,0.04,,0.59,0.66,REP
368,LA,1984,0,10,651586,1037299,,17937,385713,0.18,0.77,,1.05,0.6,REP
371,MA,1984,0,13,1239606,1310936,,8911,71330,0.43,0.22,,0.35,2.79,REP
370,MD,1984,0,10,787935,879918,,8020,91983,0.02,0.51,,0.48,5.49,REP
369,ME,1984,0,4,214515,336500,,2129,121985,0.78,0.83,,0.38,0.05,REP
372,MI,1984,0,20,1529638,2251571,,20449,721933,0.24,0.23,,0.54,0.99,REP
373,MN,1984,10,0,1036364,1032603,,15482,3761,0.72,0.54,,0.74,0.18,DEM
375,MO,1984,0,11,848583,1274188,,0,425605,0.98,0.02,,0,0.05,REP
374,MS,1984,0,7,352192,581477,,6523,229285,0.46,0.85,,0.69,0.39,REP
376,MT,1984,0,4,146742,232450,,5185,85708,0.18,0.47,,1.35,0.3,REP
383,NC,1984,0,13,824287,1346481,,4593,522194,0.89,0.9,,0.21,0,REP
384,ND,1984,0,3,104429,200336,,4206,95907,0.8,0.84,,1.36,0.04,REP
377,NE,1984,0,5,187866,460054,,4170,272188,0.81,0.55,,0.64,0.74,REP
379,NH,1984,0,4,120395,267051,,1508,146656,0.95,0.66,,0.39,0.71,REP
380,NJ,1984,0,16,1261323,1933630,,22909,672307,0.2,0.09,,0.71,0.89,REP
381,NM,1984,0,5,201769,307101,,5500,105332,0.23,0.7,,1.07,0.48,REP
378,NV,1984,0,4,91655,188770,,6242,97115,0.97,0.85,,2.18,0.88,REP
382,NY,1984,0,36,3119609,3664763,,22438,545154,0.83,0.84,,0.33,8.01,REP
385,OH,1984,0,23,1825440,2678560,,43619,853120,0.14,0.9,,0.96,0.76,REP
386,OK,1984,0,8,385080,861530,,9066,476450,0.67,0.61,,0.72,0.94,REP
387,OR,1984,0,7,536479,685700,,4348,149221,0.74,0.91,,0.35,0.17,REP
388,PA,1984,0,25,2228131,2584323,,32449,356192,0.99,0.34,,0.67,7.35,REP
389,RI,1984,0,4,197106,212080,,1306,14974,0.02,0.66,,0.32,3.65,REP
390,SC,1984,0,8,344470,615539,,8531,271069,0.57,0.55,,0.88,0.99,REP
391,SD,1984,0,3,116113,200267,,1487,84154,0.53,0,,0.47,0.47,REP
392,TN,1984,0,11,711714,990212,,10067,278498,0.57,0.84,,0.59,0.27,REP
393,TX,1984,0,29,1949276,3433428,,14867,1484152,0.11,0.61,,0.28,0.5,REP
394,UT,1984,0,5,155369,469105,,5182,313736,0.68,0.5,,0.82,0.83,REP
396,VA,1984,0,12,796250,1337078,,13307,540828,0.09,0.29,,0.62,0.19,REP
395,VT,1984,0,3,95730,135865,,2966,40135,0.81,0.92,,1.26,0.11,REP
397,WA,1984,0,10,807352,1051670,,24888,244318,0.86,0.82,,1.32,0.97,REP
399,WI,1984,0,11,995847,1198800,,17369,202953,0.02,0.19,,0.79,9.18,REP
398,WV,1984,0,6,328125,405483,,2134,77358,0.6,0.11,,0.29,0.51,REP
400,WY,1984,0,3,53370,133241,,2357,79871,0.24,0.51,,1.25,0.27,REP
402,AK,1980,0,3,41842,86112,11155,19336,44270,0.41,0.35,7.04,0.2,0.94,REP
401,AL,1980,0,9,636730,654192,16481,34526,17462,0.45,0.75,1.23,2.57,1.3,REP
404,AR,1980,0,6,398041,403164,22468,13909,5123,0.52,0.13,2.68,1.66,0.61,REP
403,AZ,1980,0,6,246843,529688,76952,20462,282845,0.24,0.61,8.81,2.34,0.36,REP
405,CA,1980,0,45,3083661,4524858,739833,238711,1441197,0.91,0.69,8.62,2.78,0.78,REP
406,CO,1980,0,7,367973,652264,130633,33545,284291,0.07,0.07,0.03,2.83,0,REP
407,CT,1980,0,8,541732,677210,171807,15536,135478,0.52,0.16,0.22,1.1,9.63,REP
502,DC,1980,3,0,130231,23313,16131,4214,106918,0.75,0.13,0.09,0.02,0.61,DEM
408,DE,1980,0,3,105754,111252,16288,2374,5498,0.87,0.21,6.91,1.01,2.33,REP
409,FL,1980,0,17,1419475,2046951,189692,30908,627476,0.5,0.52,5.14,0.84,0.02,REP
410,GA,1980,12,0,890733,654168,36055,16511,236565,0.76,0.95,2.26,1.03,0.81,DEM
411,HI,1980,4,0,135879,130112,32021,5275,5767,0.8,0.9,0.56,1.74,1.9,DEM
415,IA,1980,0,8,508672,676026,115633,17330,167354,0.6,0.31,8.78,1.32,0.7,REP
412,ID,1980,0,4,110192,290699,27058,9482,180507,0.19,0.46,6.19,2.17,0.27,REP
413,IL,1980,0,26,1981413,2358049,346754,63505,376636,0.72,0.65,7.3,1.34,7.93,REP
414,IN,1980,0,13,844197,1255656,111639,30541,411459,0.65,0.01,4.98,1.36,0.35,REP
416,KS,1980,0,7,326150,566812,68231,18602,240662,0.29,0.85,6.96,1.9,0.56,REP
417,KY,1980,0,9,616417,635274,31127,11809,18857,0.61,0.07,2.4,0.91,1.46,REP
418,LA,1980,0,10,708453,792853,26345,20940,84400,0.75,0.2,1.7,1.35,5.45,REP
421,MA,1980,0,14,1053802,1057631,382539,30326,3829,0.75,0.9,0.15,1.2,0.15,REP
420,MD,1980,10,0,726161,680606,119537,14192,45555,0.14,0.18,7.76,0.92,2.96,DEM
419,ME,1980,0,4,220974,238522,53327,10188,17548,0.25,0.61,0.2,1.95,3.36,REP
422,MI,1980,0,21,1661532,1915225,275223,57745,253693,0.5,0.99,7.04,1.48,6.49,REP
423,MN,1980,10,0,954174,873241,174990,49548,80933,0.5,0.56,8.53,2.41,3.94,DEM
425,MO,1980,0,12,931182,1074181,77920,16541,142999,0.35,0.16,3.71,0.79,6.81,REP
424,MS,1980,0,7,429281,441089,12036,10214,11808,0.09,0.42,1.35,1.14,1.32,REP
426,MT,1980,0,4,118032,206814,29281,9825,88782,0.43,0.82,8.05,2.7,0.39,REP
433,NC,1980,0,13,875635,915018,52800,12380,39383,0.18,0.3,2.85,0.67,2.12,REP
434,ND,1980,0,3,79189,193695,23640,5021,114506,0.26,0.23,7.84,1.67,0.97,REP
427,NE,1980,0,5,166851,419937,44993,9073,253086,0.04,0.53,7.02,1.42,0.49,REP
429,NH,1980,0,4,108864,221705,49693,3737,112841,0.35,0.74,0.94,0.97,0.39,REP
430,NJ,1980,0,17,1147364,1546557,234632,47131,399193,0.56,0.97,7.88,1.58,0.42,REP
431,NM,1980,0,4,167826,250779,29459,8173,82953,0.78,0.97,6.46,1.79,0.18,REP
428,NV,1980,0,3,66666,155017,17651,8551,88351,0.89,0.54,7.12,3.45,0.64,REP
432,NY,1980,0,41,2728372,2893831,467801,111955,165459,0.99,0.66,7.54,1.81,2.67,REP
435,OH,1980,0,25,1752414,2206545,254472,70172,454131,0.91,0.51,5.94,1.64,0.6,REP
436,OK,1980,0,8,402026,695570,38284,13828,293544,0.97,0.5,3.33,1.2,0.53,REP
437,OR,1980,0,6,456890,571044,112389,41193,114154,0.67,0.33,9.51,3.49,9.66,REP
438,PA,1980,0,27,1937540,2261872,292921,69168,324332,0.48,0.59,6.42,1.52,7.11,REP
439,RI,1980,4,0,198342,154793,59819,3118,43549,0.67,0.2,0.38,0.75,0.47,DEM
440,SC,1980,0,8,427560,441207,14150,7166,13647,0.04,0.57,1.59,0.81,1.53,REP
441,SD,1980,0,4,103855,198343,21431,4074,94488,0.69,0.53,6.54,1.24,0.83,REP
442,TN,1980,0,10,783051,787761,35991,10813,4710,0.41,0.7,2.22,0.67,0.29,REP
443,TX,1980,0,26,1881147,2510705,111613,38172,629558,0.42,0.28,2.46,0.84,0.86,REP
444,UT,1980,0,4,124266,439687,30284,9985,315421,0.57,0.77,5.01,1.65,0.2,REP
446,VA,1980,0,12,752174,989609,95418,28831,237435,0.31,0.03,5.11,1.55,0.72,REP
445,VT,1980,0,3,81891,94598,31760,4958,12707,0.41,0.37,0.9,2.33,5.96,REP
447,WA,1980,0,9,650193,865244,185073,41884,215051,0.32,0.66,0.62,2.4,0.34,REP
449,WI,1980,0,11,981584,1088845,160657,42135,107261,0.18,0.9,7.07,1.85,4.72,REP
448,WV,1980,6,0,367462,334206,31691,4356,33256,0.81,0.3,4.3,0.59,4.51,DEM
450,WY,1980,0,3,49427,110700,12072,4514,61273,0.97,0.64,6.83,2.55,0.67,REP
452,AK,1976,0,3,44058,71555,,7961,27497,0.65,0.9,,6.44,0.25,REP
451,AL,1976,9,0,659170,504070,,19610,155100,0.73,0.61,,1.66,0.11,DEM
454,AR,1976,6,0,499614,268753,,1029,230861,0.94,0.93,,0.13,0.01,DEM
453,AZ,1976,0,6,295602,418642,,28475,123040,0.8,0.37,,3.83,0.57,REP
455,CA,1976,0,45,3742284,3882244,,242589,139960,0.57,0.35,,3.08,1.78,REP
456,CO,1976,0,7,460353,584367,,36415,124014,0.58,0.05,,3.37,0.47,REP
457,CT,1976,0,8,647895,719261,,14370,71366,0.9,0.06,,1.04,5.17,REP
501,DC,1976,3,0,137818,27873,0,3139,109945,0.82,0.17,0,0.02,0.65,DEM
458,DE,1976,3,0,122596,109831,,3407,12765,0.98,0.57,,1.44,5.41,DEM
459,FL,1976,17,0,1636000,1469531,,45100,166469,0.93,0.64,,1.43,5.28,DEM
460,GA,1976,12,0,979409,483743,,4306,495666,0.74,0.96,,0.29,0.78,DEM
461,HI,1976,4,0,147375,140003,,3923,7372,0.59,0.06,,1.35,2.53,DEM
465,IA,1976,0,8,619931,632863,,26512,12932,0.46,0.47,,2.07,1.01,REP
462,ID,1976,0,4,126549,204151,,10232,77602,0.12,0.88,,3,0.76,REP
463,IL,1976,0,26,2271295,2364269,,83269,92974,0.13,0.1,,1.76,1.97,REP
464,IN,1976,0,13,1014714,1183958,,21690,169244,0.7,0.32,,0.98,7.62,REP
466,KS,1976,0,7,430421,502752,,24672,72331,0.94,0.49,,2.58,7.55,REP
467,KY,1976,9,0,615717,531852,,19573,83865,0.75,0.57,,1.68,7.19,DEM
468,LA,1976,10,0,661365,587446,,29628,73919,0.73,0.95,,2.32,5.78,DEM
471,MA,1976,14,0,1429475,1030276,,87807,399199,0.11,0.44,,3.45,0.67,DEM
470,MD,1976,10,0,759612,672661,,0,86951,0.04,0.96,,0,6.07,DEM
469,ME,1976,0,4,232279,236320,,14609,4041,0.07,0.91,,3.02,0.84,REP
472,MI,1976,0,21,1696714,1893742,,63293,197028,0.44,0.83,,1.73,5.39,REP
473,MN,1976,10,0,1070440,819395,,60096,251045,0.9,0.02,,3.08,0.87,DEM
475,MO,1976,12,0,998387,927443,,27770,70944,0.1,0.47,,1.42,3.63,DEM
474,MS,1976,7,0,381309,366846,,21205,14463,0.56,0.68,,2.76,1.88,DEM
476,MT,1976,0,4,149259,173703,,5772,24444,0.4,0.84,,1.76,7.44,REP
483,NC,1976,13,0,927365,741960,,8581,185405,0.27,0.22,,0.51,0.05,DEM
484,ND,1976,0,3,136078,153470,,7546,17392,0.8,0.66,,2.54,5.85,REP
477,NE,1976,0,5,233692,359705,,14271,126013,0.46,0.19,,2.35,0.74,REP
479,NH,1976,0,4,147635,185935,,6048,38300,0.47,0.75,,1.78,0.28,REP
480,NJ,1976,0,17,1444653,1509688,,60131,65035,0.92,0.08,,1.99,2.16,REP
481,NM,1976,0,4,201148,211419,,4023,10271,0.28,0.75,,0.97,2.47,REP
478,NV,1976,0,3,92479,101273,,8124,8794,0.81,0.17,,4.02,4.36,REP
482,NY,1976,41,0,3389558,3100791,,44071,288767,0.87,0.45,,0.67,4.42,DEM
485,OH,1976,25,0,2011621,2000505,,99747,11116,0.92,0.65,,2.43,0.27,DEM
486,OK,1976,0,8,532442,545708,,14101,13266,0.75,0.96,,1.29,1.21,REP
487,OR,1976,0,6,490407,492120,,47349,1713,0.62,0.78,,4.6,0.17,REP
488,PA,1976,27,0,2328677,2205604,,86506,123073,0.4,0.73,,1.87,2.66,DEM
489,RI,1976,4,0,227636,181249,,2285,46387,0.36,0.08,,0.56,0.28,DEM
490,SC,1976,8,0,450825,346140,,5629,104685,0.17,0.13,,0.7,0.04,DEM
491,SD,1976,0,4,147068,151505,,2105,4437,0.91,0.39,,0.7,1.48,REP
492,TN,1976,10,0,825879,633969,,16498,191910,0.94,0.94,,1.12,0,DEM
493,TX,1976,26,0,2082319,1953300,,36265,129019,0.14,0.97,,0.89,3.17,DEM
494,UT,1976,0,4,182110,337908,,21180,155798,0.65,0.44,,3.91,0.79,REP
496,VA,1976,0,12,813896,836554,,46644,22658,0.96,0.29,,2.75,1.34,REP
495,VT,1976,0,3,81044,102085,,4726,21041,0.14,0.34,,2.52,0.2,REP
497,WA,1976,0,8,717323,777732,,60479,60409,0.11,0,,3.89,3.88,REP
499,WI,1976,11,0,1040232,1004987,,56117,35245,0.5,0.83,,2.67,1.68,DEM
498,WV,1976,6,0,435914,314760,,0,121154,0.07,0.93,,0,0.14,DEM
500,WY,1976,0,3,62239,92717,,1387,30478,0.81,0.3,,0.89,0.49,REP
512,AK,1972,3,0,55349,32967,,6903,22382,0.58,0.35,,0.07,0.51,DEM
511,AL,1972,9,0,728701,256923,,20469,471778,0.72,0.26,,0.02,0.89,DEM
514,AR,1972,6,0,445751,198899,,3016,246852,0.69,0.31,,0,0.11,DEM
513,AZ,1972,6,0,402812,198540,,52153,204272,0.62,0.3,,0.08,0.26,DEM
515,CA,1972,45,0,4602096,3475847,,289919,1126249,0.55,0.42,,0.03,0.46,DEM
516,CO,1972,7,0,597189,329980,,26715,267209,0.63,0.35,,0.03,0.01,DEM
517,CT,1972,8,0,810763,555498,,18016,255265,0.59,0.4,,0.01,0.44,DEM
519,DC,1972,0,3,35226,127627,,568,92401,0.22,0.78,,0,0.54,REP
518,DE,1972,3,0,140357,92283,,2876,48074,0.6,0.39,,0.01,0.41,DEM
520,FL,1972,17,0,1857759,718117,,7407,1139642,0.72,0.28,,0,0.12,DEM
521,GA,1972,12,0,881496,289529,,3747,591967,0.75,0.25,,0,0.39,DEM
522,HI,1972,4,0,168865,101409,,0,67456,0.62,0.38,,0,0.96,DEM
526,IA,1972,8,0,706207,496206,,23531,210001,0.58,0.4,,0.02,0.13,DEM
523,ID,1972,4,0,199384,80826,,30169,118558,0.64,0.26,,0.1,0.2,DEM
524,IL,1972,26,0,2788179,1913472,,21585,874707,0.59,0.41,,0,0.52,DEM
525,IN,1972,13,0,1405154,708568,,11807,696586,0.66,0.33,,0.01,0.77,DEM
527,KS,1972,7,0,619812,270287,,25996,349525,0.68,0.3,,0.03,0.15,DEM
528,KY,1972,9,0,676446,371159,,19894,305287,0.63,0.35,,0.02,0.6,DEM
529,LA,1972,10,0,686852,298142,,66497,388710,0.65,0.28,,0.06,0.97,DEM
532,MA,1972,0,14,1112078,1332540,,14138,220462,0.45,0.54,,0.01,8.97,REP
531,MD,1972,10,0,829305,505781,,18726,323524,0.61,0.37,,0.01,0.9,DEM
530,ME,1972,4,0,256458,160584,,229,95874,0.61,0.38,,0,0.98,DEM
533,MI,1972,21,0,1961721,1459435,,69169,502286,0.56,0.42,,0.02,0.39,DEM
534,MN,1972,10,0,898269,802346,,41037,95923,0.52,0.46,,0.02,5.51,DEM
536,MO,1972,12,0,1154058,698531,,0,455527,0.62,0.38,,0,0.59,DEM
535,MS,1972,7,0,505125,126782,,14056,378343,0.78,0.2,,0.02,0.57,DEM
537,MT,1972,4,0,183976,120197,,13430,63779,0.58,0.38,,0.04,0.08,DEM
544,NC,1972,13,0,1054889,438705,,25018,616184,0.69,0.29,,0.02,0.58,DEM
545,ND,1972,3,0,174109,100384,,6021,73725,0.62,0.36,,0.02,0.28,DEM
538,NE,1972,5,0,406298,169991,,0,236307,0.71,0.3,,0,0,DEM
540,NH,1972,4,0,213724,116435,,3900,97289,0.64,0.35,,0.01,0.12,DEM
541,NJ,1972,17,0,1845502,1102211,,49516,743291,0.62,0.37,,0.02,0.8,DEM
542,NM,1972,4,0,235606,141084,,9241,94522,0.61,0.37,,0.02,0.49,DEM
539,NV,1972,3,0,115750,66016,,0,49734,0.64,0.36,,0,0.36,DEM
543,NY,1972,41,0,4192778,2951084,,17968,1241694,0.59,0.41,,0,0.34,DEM
546,OH,1972,25,0,2441827,1558889,,94071,882938,0.6,0.38,,0.02,0.56,DEM
547,OK,1972,8,0,759025,247147,,23728,511878,0.74,0.24,,0.02,0.7,DEM
548,OR,1972,6,0,486686,392760,,48500,93926,0.52,0.42,,0.05,0.12,DEM
549,PA,1972,27,0,2714521,1796951,,80633,917570,0.59,0.39,,0.02,0.98,DEM
550,RI,1972,4,0,220383,194645,,780,25738,0.53,0.47,,0,6.19,DEM
551,SC,1972,8,0,478427,189270,,10183,289157,0.71,0.28,,0.02,0.66,DEM
552,SD,1972,4,0,166476,139945,,994,26531,0.54,0.46,,0,8.63,DEM
553,TN,1972,10,0,813147,357293,,30742,455854,0.68,0.3,,0.03,0.95,DEM
554,TX,1972,26,0,2298896,1154291,,19527,1144605,0.66,0.33,,0.01,0.96,DEM
555,UT,1972,4,0,323643,126284,,28549,197359,0.68,0.26,,0.06,0.25,DEM
557,VA,1972,11,0,988493,438887,,29639,549606,0.68,0.3,,0.02,0.72,DEM
556,VT,1972,3,0,117149,68174,,1623,48975,0.63,0.36,,0.01,0.2,DEM
558,WA,1972,9,0,837135,568334,,65378,268801,0.57,0.39,,0.04,0.28,DEM
560,WI,1972,11,0,989430,810174,,53286,179256,0.53,0.44,,0.03,9.67,DEM
559,WV,1972,6,0,484964,277435,,0,207529,0.64,0.36,,0,0.22,DEM
561,WY,1972,3,0,100464,44358,,748,56106,0.69,0.3,,0.01,0.54,DEM